{"avg_classifications": [0.0, 15.669369639107213, 14.884766467235286, 0.0, 6.697034247666484, 14.531466138075194, 0.0, 0.0, 13.880132825595009, 13.917490265123975, 7.563200592358071, 11.926067695086308, 12.368353046582302], "features": [[0.0, 0.0, 0.0, 0.0, 48.98298556106941, 32.27526230757361, 0.0], [0.0, 19.95885796408169, 24.418911820911717, 23.004981333463082, 18.473019406156876, 48.5409375674945, 63.68043017817916], [55.00307438070606, 42.8762592507402, 11.21981682899814, 5.1138727860891695, 11.21981682899814, 0.0, 53.93588749992231], [0.0, 0.0, 0.0, 18.97964788682423, 0.0, 0.0, 0.0], [64.59126651668943, 52.93856723577936, 0.4804530139182014, 18.240852558907722, 0.0, 0.0, 0.0], [0.0, 45.4871454828211, 0.0, 0.0, 0.0, 45.265891852684575, 32.26488695921464], [44.22019549668134, 0.9609060278364028, 0.0, 0.0, 0.0, 0.0, 0.0], [59.42675951798131, 54.41567411144248, 0.0, 0.0, 0.0, 0.0, 0.0], [0.0, 47.23106461001119, 0.0, 0.0, 0.0, 0.0, 54.38031785549424], [26.53447067094271, 42.33056718649443, 0.0, 37.080724229857196, 2.914470834252059, 39.09023802333879, 0.0], [57.408792024268166, 0.0, 0.0, 0.0, 0.0, 0.0, 0.0], [84.89490103159858, 10.376991621873083, 0.0, 0.0, 42.00257734567532, 46.510508070227324, 0.0], [0.0, 9.065791134331606, 30.568305639579773, 0.0, 12.841821367264247, 15.357148363293666, 35.5208913910154]], "trend_classifications": [0, 1, 0, 0, -1, 1, -1, -1, 0, 0, -1, -1, 1]}