{"avg_classifications": [14.769542832635354, 14.633682930786996, 0.0, 13.73229306599208, 13.718669206514718, 11.083172787230717, 14.010033211067416, 0.0, 0.0, 0.0, 12.88552903342368, 11.89996180160996, 0.0, 13.649602361974386, 15.716526742795908, 9.68744373833714, 0.0, 15.169046937420905, 0.0, 11.451411697981355, 14.409966599713778, 13.209835648166104, 14.118194044429249, 14.176058492184254, 13.256803357138544, 0.0, 0.0, 0.0, 12.81798536689609, 13.191473308706179, 0.0, 0.0, 16.39706792802453, 10.642754668709626], "avg_features": [[0.0, 14.153122858751015, 0.0, 0.0, 0.0, 15.088801940728892, 15.999470548363066], [15.226556066546703, 7.763021309018518, 15.12740244202967, 8.467162257810672, 6.828712071641684, 15.218266677770774, 15.138597777933466], [15.420735608745394, 14.567092670601305, 6.943122422819428, 8.57922858233569, 12.498592994622204, 0.0, 0.0], [0.0, 15.496412951606679, 5.429345628954441, 0.0, 15.475850688325494, 11.749877242415298, 14.454540460445568], [0.0, 9.652073119254888, 7.1929342212158, 6.45833828334479, 7.212294468500341, 11.762999123815002, 14.567579263835944], [14.412167212385159, 7.170119543449628, 0.0, 0.0, 14.21403966755132, 9.788862026694824, 0.0], [8.981555940771887, 14.256002983835621, 3.912023005428146, 0.6931471805599453, 15.23297504380732, 14.979489150063637, 0.0], [15.34111371532586, 7.815207062189088, 10.314271822121892, 8.014666370464942, 0.0, 0.0, 0.0], [0.0, 0.0, 0.0, 12.678672900623175, 0.0, 0.0, 0.0], [0.0, 0.0, 0.0, 0.0, 0.0, 0.0, 0.0], [0.0, 0.0, 9.967025573340116, 0.0, 0.0, 3.6375861597263857, 12.322806241828763], [14.087337601091956, 10.62230247984465, 0.0, 0.0, 4.382026634673881, 14.718831950361349, 13.28625616272985], [0.0, 0.0, 0.0, 0.0, 0.0, 0.0, 0.0], [0.0, 12.571180928687719, 13.581858232396403, 7.090076835776092, 0.0, 14.672041094297922, 14.48336454562159], [13.087573155115793, 13.46807848110672, 9.41001056710475, 0.0, 0.0, 13.351258357497871, 16.650350460809165], [13.899600755794909, 9.590487672100057, 9.209940291954844, 4.499809670330265, 0.0, 10.424243704979027, 0.0], [0.0, 0.0, 0.0, 11.866746339926054, 9.947408739594056, 0.0, 0.0], [0.0, 0.0, 0.0, 18.461650004428456, 0.0, 15.404766987345415, 15.390190345071657], [16.490761909536086, 7.943072717277933, 0.0, 0.0, 0.0, 0.0, 0.0], [11.64345360233495, 14.912401365734043, 4.499809670330265, 0.0, 0.0, 0.0, 0.0], [0.0, 4.90527477843843, 12.175664983108748, 11.489605659648612, 11.342113418916101, 13.824153103345616, 0.0], [16.044251028740344, 8.921057018157429, 14.157709934594347, 7.5443321080536885, 0.0, 0.0, 0.0], [0.0, 9.452501929126154, 14.061119853994148, 13.592815655991895, 2.302585092994046, 12.93957451143845, 13.424186492348632], [14.061119853994148, 13.592815655991895, 2.302585092994046, 12.93957451143845, 13.424186492348632, 12.173306655756507, 12.235679990282831], [15.76752801936314, 9.737551024991497, 14.075778781117307, 10.635374561412004, 0.0, 0.0, 0.0], [0.0, 0.0, 0.0, 13.256803357138544, 2.302585092994046, 0.0, 0.0], [14.594055314036448, 0.0, 0.0, 0.0, 0.0, 0.0, 0.0], [0.0, 0.0, 0.0, 0.0, 0.0, 0.0, 0.0], [15.016287661473363, 0.0, 0.0, 0.0, 0.0, 0.0, 0.0], [9.995337206166006, 14.194195592918156, 15.50363468922601, 0.0, 13.30943032367315, 15.114938986062503, 10.125029822483365], [13.998631794928793, 9.471550124096849, 0.0, 0.0, 0.0, 0.0, 0.0], [0.0, 0.0, 0.0, 0.0, 0.0, 0.0, 0.0], [0.0, 4.912654885736052, 16.569923407774397, 16.067074319585476, 18.402393028397732, 14.19913352037182, 17.963437055303316], [14.468612005135316, 15.731872424722708, 15.205824828411043, 9.118225083068378, 7.24422751560335, 10.853812493953187, 0.0]], "trend_features": [[0.0, 0.0, 6.906754778648554, 7.246368080102461, 0.0, 0.0, 0.0, 0.0, 0.0, 0.0, 7.363913501405819, 7.724888439323074, 7.828436359157585, 8.17103418920548], [7.445417556701687, 7.781138509845015, 3.7376696182833684, 4.02535169073515, 7.443078374348516, 7.684324067681155, 4.060443010546419, 4.406719247264253, 3.332204510175204, 3.4965075614664802, 7.431299675155903, 7.786967002614872, 7.409741954080923, 7.728855823852543], [7.595889917718538, 7.824845691026856, 7.129297548929373, 7.4377951216719325, 3.332204510175204, 3.6109179126442243, 4.248495242049359, 4.330733340286331, 6.0867747269123065, 6.411818267709897, 0.0, 0.0, 0.0, 0.0], [0.0, 0.0, 7.580699752224563, 7.9157131993821155, 2.4849066497880004, 2.9444389791664403, 0.0, 0.0, 7.575584651557793, 7.900266036767701, 7.760893195851024, 3.9889840465642745, 7.928045600874777, 6.52649485957079], [0.0, 0.0, 7.706162970199576, 1.9459101490553132, 4.553876891600541, 2.6390573296152584, 4.060443010546419, 2.3978952727983707, 4.727387818712341, 2.4849066497880004, 6.950814768442584, 4.812184355372417, 7.719573989259581, 6.848005274576363], [7.663407664893479, 6.748759547491679, 3.912023005428146, 3.258096538021482, 0.0, 0.0, 0.0, 0.0, 7.651595573857601, 6.56244409369372, 5.484796933490655, 4.30406509320417, 0.0, 0.0], [5.3706380281276624, 3.6109179126442243, 7.643961949002529, 6.612041034833092, 2.302585092994046, 1.6094379124341003, 0.6931471805599453, 0.0, 8.378620541552298, 6.854354502255021, 8.081784206935001, 6.897704943128636, 0.0, 0.0], [7.880048200971577, 7.461065514354283, 4.07753744390572, 3.7376696182833684, 5.560681631015528, 4.7535901911063645, 4.795790545596741, 3.2188758248682006, 0.0, 0.0, 0.0, 0.0, 0.0, 0.0], [0.0, 0.0, 0.0, 0.0, 0.0, 0.0, 7.708859601047175, 4.969813299576001, 0.0, 0.0, 0.0, 0.0, 0.0, 0.0], [0.0, 0.0, 0.0, 0.0, 0.0, 0.0, 0.0, 0.0, 0.0, 0.0, 0.0, 0.0, 0.0, 0.0], [0.0, 0.0, 0.0, 0.0, 7.4821189235521155, 2.4849066497880004, 0.0, 0.0, 0.0, 0.0, 2.9444389791664403, 0.6931471805599453, 7.21081845347222, 5.111987788356544], [7.316548177182976, 6.77078942390898, 5.598421958998375, 5.0238805208462765, 0.0, 0.0, 0.0, 0.0, 2.995732273553991, 1.3862943611198906, 8.097426298597213, 6.621405651764134, 7.340835554123275, 5.945420608606575], [0.0, 0.0, 0.0, 0.0, 0.0, 0.0, 0.0, 0.0, 0.0, 0.0, 0.0, 0.0, 0.0, 0.0], [0.0, 0.0, 7.534228326274089, 5.0369526024136295, 7.479299637782834, 6.102558594613569, 4.0943445622221, 2.995732273553991, 0.0, 0.0, 8.17526610411206, 6.4967749901858625, 7.982074875081202, 6.501289670540389], [7.221105098182496, 5.8664680569332965, 8.0519780789023, 5.41610040220442, 6.008813185442595, 3.4011973816621555, 0.0, 0.0, 0.0, 0.0, 7.917536353943631, 5.43372200355424, 8.699848026000312, 7.950502434808851], [6.994849985833071, 6.904750769961838, 4.762173934797756, 4.8283137373023015, 4.624972813284271, 4.584967478670572, 2.1972245773362196, 2.302585092994046, 0.0, 0.0, 5.198497031265826, 5.225746673713202, 0.0, 0.0], [0.0, 0.0, 0.0, 0.0, 0.0, 0.0, 7.166265974133638, 4.700480365792417, 6.186208623900494, 3.7612001156935624, 0.0, 0.0, 0.0, 0.0], [0.0, 0.0, 0.0, 0.0, 0.0, 0.0, 9.387816877106937, 9.07383312732152, 0.0, 0.0, 8.73020559553099, 6.674561391814426, 8.699348067653093, 6.690842277418564], [9.319105086767571, 7.171656822768514, 5.170483995038151, 2.772588722239781, 0.0, 0.0, 0.0, 0.0, 0.0, 0.0, 0.0, 0.0, 0.0, 0.0], [7.6004023345004, 4.04305126783455, 8.577347114235984, 6.335054251498059, 3.4011973816621555, 1.0986122886681098, 0.0, 0.0, 0.0, 0.0, 0.0, 0.0, 0.0, 0.0], [0.0, 0.0, 3.295836866004329, 1.6094379124341003, 6.76849321164863, 5.407171771460119, 7.315218389752975, 4.174387269895637, 6.61472560020376, 4.727387818712341, 8.013012110368916, 5.811140992976701, 0.0, 0.0], [9.023167064451204, 7.02108396428914, 5.455321115357702, 3.4657359027997265, 8.443977129084978, 5.713732805509369, 4.499809670330265, 3.044522437723423, 0.0, 0.0, 0.0, 0.0, 0.0, 0.0], [0.0, 0.0, 5.560681631015528, 3.8918202981106265, 8.069655306886165, 5.991464547107982, 7.88570539124302, 5.707110264748875, 2.302585092994046, 0.0, 7.53689712956617, 5.402677381872279, 7.665284718471351, 5.75890177387728], [8.069655306886165, 5.991464547107982, 7.88570539124302, 5.707110264748875, 2.302585092994046, 0.0, 7.53689712956617, 5.402677381872279, 7.665284718471351, 5.75890177387728, 7.055312843339752, 5.117993812416755, 6.993932975223189, 5.241747015059643], 