{"avg_classifications": [10.991476950900324, 10.54191452089584, 9.170559501964338, 10.083305979111964, 7.577633832602728, 8.418918622147897, 13.791592795100303, 11.502531635786212, 14.538706711874411, 7.97728198675515, 13.68860402952989, 10.816332354005983, 14.757462019018524, 0.0, 14.771742128254646, 0.0, 14.457951640124408, 0.0, 13.559544183282561, 13.763017596895903, 12.494494444316954, 12.440120527940122, 15.297816443797732, 15.55218745729672, 17.359427590622417, 13.615465666645855, 13.221727148476962, 15.048108719298538, 13.19576810233768, 18.30235110268435, 15.096325785280373, 17.90848716830002, 0.0, 16.915961476220996, 13.292463893901328, 17.115650559593433, 13.708107958672223, 16.463335270085942, 16.738921301188263, 14.809301074714973, 17.48496241245036, 16.947276702829445, 17.755248550345943, 17.65814365595427, 14.196860553363573, 12.755410077389465, 17.224881643707512, 15.709657076477416], "avg_features": [[8.776012719182917, 12.228929427673101, 9.75115189123243, 9.292657414465397, 0.0, 12.358291460507605, 8.3654396361887], [15.861376572402893, 14.655952973394495, 11.01718547862228, 0.0, 11.263938326448413, 5.988961416889864, 10.906506287920108], [12.923048651089236, 0.0, 0.0, 7.402451520818244, 0.0, 0.0, 0.0], [11.362044434010592, 10.223067921487123, 3.6888794541139363, 8.252706676567644, 0.0, 6.150602768446279, 8.20631072579402], [11.451113889002341, 8.992930352509733, 7.976595409316577, 0.0, 0.0, 0.0, 0.0], [0.0, 5.41610040220442, 5.402677381872279, 4.0943445622221, 0.0, 9.079662048334066, 3.4339872044851463], [0.0, 10.259657368919415, 11.254879861646753, 3.8066624897703196, 11.2914804702916, 12.87802683268278, 13.540786829010186], [13.343092817094538, 5.19295685089021, 9.264449697623215, 7.440733707389261, 11.397750275924011, 13.78913064768744, 8.835501457409778], [8.783396232190894, 9.815475675212914, 13.383804138650882, 10.838639292051202, 5.236441962829949, 12.574832274629923, 3.784189633918261], [12.77392017381914, 10.03661886513931, 11.631703560945398, 9.289798293310898, 5.337538079701318, 9.362975618399776, 7.8898337513942955], [5.111987788356544, 10.745981033208576, 11.454618156108953, 12.213698494689615, 13.33993624121092, 12.085750764732188, 6.104793232414985], [8.180320874773685, 12.350324493178185, 12.736239025240309, 12.946818804889398, 13.07489434016228, 10.804624036638605, 11.265860566064319], [6.897704943128636, 11.159502370889099, 0.0, 10.843904883186518, 10.880609943616529, 6.16541785423142, 10.403262340115035], [0.0, 0.0, 0.0, 0.0, 0.0, 0.0, 0.0], [0.0, 12.651911647776611, 12.24668661841543, 10.458521430966439, 10.72634633961773, 9.89131375160442, 11.023208804414473], [0.0, 0.0, 0.0, 0.0, 0.0, 0.0, 0.0], [0.0, 9.429957713513835, 8.441607204459642, 11.629872595799943, 11.42815158292079, 14.620479038296281, 13.854731271117556], [0.0, 0.0, 0.0, 0.0, 0.0, 0.0, 0.0], [0.0, 13.843670323758131, 8.326032685955079, 8.019612794400267, 8.670943791222156, 11.163197761546567, 9.166388484447], [17.091482603627366, 16.400813823619593, 11.80888815825323, 3.6888794541139363, 13.864323579015343, 12.280530556448184, 11.248334723741845], [0.0, 10.338123037944072, 7.511524648390866, 4.997212273764115, 5.327876168789581, 8.19450550976564, 5.799092654460526], [12.231818361948589, 12.377703931115938, 0.0, 1.6094379124341003, 9.68121861863258, 8.020270472819238, 0.0], [6.897704943128636, 1.6094379124341003, 10.222740963825228, 7.275172319452771, 7.867105500316739, 10.63436394990608, 9.665737848832556], [18.523584447116384, 17.45729132904763, 15.624630786665602, 15.544391105934508, 14.351472793299475, 0.0, 15.059260170793808], [16.209549404299715, 18.383223021417454, 17.55512333471084, 15.475800127278436, 16.864299879577448, 16.250166702804112, 15.858995463590418], [0.0, 11.786206843376691, 6.854354502255021, 0.0, 6.504288173536645, 9.855609472291665, 7.485491608030754], [16.99592410199668, 15.38755309829602, 11.939675760969024, 5.863631175598097, 11.5494502396526, 11.620119299072343, 11.141745834828614], [17.80063522223985, 11.142296471697522, 16.048467291877607, 15.844758989305767, 13.442038180892283, 12.167887795685198, 10.036793919844353], [0.0, 0.0, 12.812040253138159, 12.924251405614951, 14.139871895670893, 13.051649025019037, 14.744364046916887], [13.142040506629877, 12.253919507787362, 14.232780382100692, 11.868611920515246, 13.822972647195403, 14.545118878324242, 15.242520667960552], [0.0, 0.0, 8.00736706798333, 8.391629968440892, 7.02197642307216, 0.0, 13.233514693963524], [0.0, 0.0, 8.984066927653044, 4.624972813284271, 13.188780133553673, 12.38438618092659, 13.75291148820775], [0.0, 0.0, 0.0, 0.0, 0.0, 0.0, 0.0], [4.499809670330265, 4.189654742026425, 10.65678865591582, 5.583496308781699, 0.0, 6.0473721790462776, 6.833031732786201], [2.1972245773362196, 0.0, 9.642447411030767, 5.075173815233827, 9.313618721429684, 0.0, 10.775282884523719], [6.461468176353717, 4.74493212836325, 7.337587743538596, 0.0, 11.862906051616234, 10.528007866049895, 12.326483336984378], [0.0, 0.0, 0.0, 12.832278420336237, 12.063944405680132, 12.932509523954762, 10.294988953626905], [0.0, 0.0, 0.0, 11.441214617416229, 15.55477601222826, 2.0794415416798357, 10.117307776389454], [0.0, 0.0, 12.143090246339906, 8.863898604317479, 14.121219417134444, 14.510715619633663, 15.800553504220462], [18.40509129753188, 17.45972899125076, 13.581903706750769, 14.926915668431135, 10.453226149800717, 13.437581333590604, 14.250324737584167], [0.0, 0.0, 0.0, 14.02190746370986, 13.05043763783274, 16.301144859616098, 17.538066538437594], [0.0, 0.0, 10.631325972886003, 12.367872566603332, 2.0794415416798357, 14.423178278459542, 14.567500538544508], [0.0, 0.0, 13.986557966378507, 15.392956129502124, 15.479932176830953, 15.932983283472442, 15.96646313123623], [18.828961883320012, 17.338910056006114, 17.79476058601892, 14.440328039946639, 15.961228484820817, 16.36186972206524, 17.174579675640917], [0.0, 0.0, 0.0, 11.900206235644541, 13.133188572976485, 2.4849066497880004, 14.067428137646132], [14.86296743747507, 14.965581194064598, 12.424050879532164, 12.704745725350794, 10.500894460815237, 11.339428853545433, 12.088639548638078], [0.0, 11.179408856174648, 5.5134287461649825, 0.0, 0.0, 5.480638923341991, 6.84587987526405], [12.173327321717087, 3.5553480614894135, 13.077504077255881, 16.295486404631582, 16.10427782297016, 12.434927854229683, 14.271034865945175]],