{"avg_classifications": [5.497168225293202, 5.886104031450156, 13.793779131730789, 15.632030604952691, 15.852396702607725, 1.791759469228055, 0.0, 0.0, 0.0, 0.0, 0.0, 0.0, 0.0, 0.0, 6.6240652277998935, 13.996807423274518, 0.0, 0.0, 14.668199290027829, 14.962214354099638, 0.0, 0.0, 8.862483576488332, 19.158502144076884, 12.211940396558056, 15.727324111693587, 16.368138081704373, 12.918225567329477, 11.566058565875368, 14.261875737544608, 15.717728526023484, 18.054970432311134, 18.413489780839928, 16.872590297901958, 13.950276563140976, 13.97983615445595, 15.887382648496146, 14.691175942648487, 15.069361220420323, 0.0, 13.906113311567058, 11.342884195838069, 12.002051343048377, 12.49774175915941, 16.788947476957375, 14.85150816262175, 16.55152456829984, 0.0, 0.0, 0.0, 16.31042818033105, 0.0, 15.640302723744915, 15.274752128527725, 8.815666824946216, 15.498300785686778, 0.0, 0.0], "avg_features": [[16.290129890959054, 14.846396672545433, 11.20532635867809, 7.560080465021827, 0.0, 5.7745515455444085, 5.683579767338681], [5.272999558563747, 0.0, 0.0, 0.0, 0.0, 0.0, 0.0], [0.0, 10.721393382488882, 16.456273574924584, 10.970695169727144, 16.05536424267497, 15.23047837806869, 6.841615476477592], [0.0, 6.501289670540389, 13.594282670593657, 16.923025903337038, 15.7123255963587, 11.187181474369487, 4.02535169073515], [16.923025903337038, 15.7123255963587, 11.187181474369487, 4.02535169073515, 5.598421958998375, 7.853993087224244, 7.22983877815125], [19.63789336086893, 10.813035603542891, 14.807542327813994, 5.968707559985366, 0.0, 15.124329745804753, 1.791759469228055], [0.0, 0.0, 14.994993211703024, 0.0, 0.0, 0.0, 0.0], [0.0, 0.0, 15.250565082803588, 0.0, 0.0, 0.0, 0.0], [0.0, 0.0, 0.0, 0.0, 0.0, 0.0, 0.0], [0.0, 16.236628005804945, 10.811746112713019, 0.0, 0.0, 0.0, 0.0], [0.0, 0.0, 16.273772365801616, 0.0, 0.0, 0.0, 0.0], [0.0, 0.0, 0.0, 16.36992142625683, 10.462503160399518, 4.852030263919617, 0.0], [0.0, 0.0, 8.819073983267831, 0.0, 0.0, 0.0, 0.0], [0.0, 0.0, 0.0, 0.0, 0.0, 0.0, 0.0], [16.47229630636827, 15.283904586687427, 11.241037998417088, 9.560997243589352, 5.0238805208462765, 3.5553480614894135, 6.633318433280377], [0.0, 0.0, 7.20934025660291, 7.1098794630722715, 2.4849066497880004, 0.0, 7.385230923066573], [16.957898349810367, 13.32033187977446, 4.787491742782046, 0.0, 0.0, 0.0, 0.0], [0.0, 0.0, 0.0, 16.79332465552787, 0.0, 0.0, 0.0], [0.0, 16.18709461576004, 19.637726594416616, 8.525756422076725, 20.245993486436436, 13.906752473592645, 13.847127435090824], [15.805074710471429, 15.881795808939161, 9.446202695698167, 0.0, 15.405375360761001, 16.829286363493495, 11.189408939509232], [14.9615190237802, 0.0, 0.0, 14.702100557525288, 8.21878715560148, 0.0, 0.0], [0.0, 0.0, 0.0, 0.0, 0.0, 0.0, 0.0], [0.0, 0.0, 0.0, 11.086318433108636, 17.427824414743874, 16.97032420689118, 10.119405058758598], [0.0, 9.032409163483521, 15.808813977619987, 0.0, 18.546641054378053, 16.760981425603266, 0.0], [11.684042821812273, 0.0, 0.0, 13.751059499668385, 7.832014180505469, 7.295735072749282, 0.0], [0.0, 0.0, 12.572318640483777, 16.667351156021727, 16.794235015097264, 16.44403518432333, 14.961840690039612], [13.94844402186504, 16.245440118974365, 7.261927092702751, 10.225136174551182, 13.816581983782585, 11.523786272302974, 15.651720789762663], [18.338477353684492, 16.047256790968245, 13.967599685681064, 14.972887858091841, 13.109650915376644, 12.086630108663035, 5.3471075307174685], [0.0, 0.0, 0.0, 0.0, 11.495575826635115, 5.480638923341991, 0.0], [19.558873181169115, 11.968779458611522, 6.498282149476434, 4.248495242049359, 15.009104487625258, 18.109033794046752, 14.391481019021043], [10.266393046225497, 12.119691978691984, 7.974188669286011, 15.48907096750995, 9.65194452670022, 12.643985582504191, 16.511209596521923], [0.0, 16.86112953712347, 14.893005435386463, 6.003887067106539, 15.624786219056633, 17.906509529935278, 14.566230649781577], [19.50829418309701, 13.1122685961187, 14.349579940360405, 14.087275116284507, 13.591340229694977, 11.934972332670071, 19.343594431557225], [19.41465701741177, 19.33550892281709, 12.692579961644958, 14.002612337931218, 0.0, 0.0, 1.791759469228055], [16.940091087858278, 13.242976183259517, 0.0, 7.325807502595773, 2.8903717578961645, 0.0, 0.0], [18.1173666997171, 13.945064049219573, 12.895400039987253, 10.760113202088547, 6.0112671744041615, 0.0, 14.745620167808596], [17.269160974588164, 18.866612557873225, 13.881266462789533, 15.226425821786371, 15.249354313817463, 15.746220771069718, 12.382208443237042], [15.890301175845972, 13.514479786742761, 7.432483807917119, 10.731755487016526, 4.477336814478207, 14.632072442083814, 8.230044310126114], [0.0, 13.588358985252526, 15.446885289274947, 17.835999731515376, 14.126248782784286, 9.12052506765382, 0.0], [15.050551704214861, 13.47079947506427, 8.774312958285378, 7.511524648390866, 0.0, 0.0, 0.0], [14.284243380076564, 17.03492423816236, 2.4849066497880004, 0.0, 11.132777164845853, 12.346834088238415, 15.22601717241806], [17.055283508985415, 13.140116847788303, 7.613324979540639, 15.089241021252652, 13.672123904253024, 8.333270353255308, 11.342884195838069], [15.069613770787983, 14.179830008067697, 2.6390573296152584, 0.0, 0.0, 0.0, 13.516012281667143], [17.076353781926386, 6.579251212010101, 16.229937070118833, 7.321188556739478, 10.888707153849147, 0.0, 0.0], [0.0, 13.863884445026223, 11.72661648151024, 12.630866412420035, 13.177625884036352, 11.607580885011611, 7.534762657037537], [16.854820385993573, 15.591510834186645, 13.968554339691515, 13.422361297498707, 14.271811355774934, 4.343805421853684, 0.0], [11.625039126720687, 6.674561391814426, 8.837536046107568, 11.607771900898346, 15.417045322635229, 15.627422593252797, 17.920289525275845], [15.379453909757123, 16.555643557813298, 2.4849066497880004, 0.0, 12.941009352400501, 5.5053315359323625, 0.0], [0.0, 0.0, 0.0, 12.977957066627503, 9.21333588095598, 0.0, 0.0], [16.682895975925263, 16.235204681746666, 7.580699752224563, 12.592079666981215, 13.419441171496471, 8.434246270595311, 0.0], [4.343805421853684, 11.251067072527906, 14.644040977921582, 9.984099329028517, 7.965545573129992, 0.0, 0.0], [16.57363784083387, 16.03381080813938, 11.239934941261437, 3.912023005428146, 0.0, 0.0, 0.0], [0.0, 0.0, 0.0, 16.48112023320854, 8.081475040137052, 12.95588367320766, 15.750930447574063], [18.789250174183405, 14.728958853942348, 12.32443329211502, 12.048985993284115, 13.369682724855462, 0.0, 15.967296598148936], [15.094525897603708, 14.810786946722887, 13.418686012446097, 2.8903717578961645, 3.58351893845611, 0.0, 3.8066624897703196], [0.0, 0.0, 0.0, 0.0, 0.0, 14.232541852443802, 0.0], [0.0, 0.0, 0.0, 0.0, 0.0, 0.0, 0.0], [0.0, 0.0, 0.0, 0.0, 0.0, 0.0, 0.0]],