{"avg_classifications": [0.0, 15.669369639107213, 14.884766467235286, 0.0, 6.697034247666484, 14.531466138075194, 0.0, 0.0, 13.880132825595009, 13.917490265123975, 7.563200592358071, 11.926067695086308, 12.368353046582302], "avg_features": [[0.0, 0.0, 0.0, 0.0, 14.428783016740264, 11.880702551419853, 0.0], [0.0, 10.516941964186826, 10.990937776498045, 10.67498369950705, 8.927977461002001, 13.998831615091312, 16.1823113700009], [15.081079747086138, 13.185467745636071, 6.851184927493743, 5.075173815233827, 6.851184927493743, 0.0, 14.961821303995624], [0.0, 0.0, 0.0, 10.545341438708522, 5.991464547107982, 0.0, 0.0], [16.074352310124816, 14.647148438430353, 1.3862943611198906, 10.498994340453384, 0.0, 0.0, 0.0], [0.0, 13.560405382442568, 0.0, 0.0, 0.0, 13.533720427217258, 11.790557201568507], [13.350002408888743, 2.0794415416798357, 0.0, 0.0, 0.0, 0.0, 0.0], [15.719977388565207, 14.959577931793689, 0.0, 0.0, 0.0, 0.0, 0.0], [0.0, 13.917490265123975, 0.0, 0.0, 0.0, 0.0, 14.967473706113655], [10.83687136183646, 13.428181984107407, 0.0, 12.589189889974431, 4.897839799950911, 12.865182058240885, 0.0], [15.164873264037203, 0.0, 0.0, 0.0, 0.0, 0.0, 0.0], [18.441106970887514, 7.278628942320682, 0.0, 0.0, 13.547233648209168, 14.191938127949145, 3.091042453358316], [0.0, 7.92588031673756, 11.789662862372465, 0.0, 7.365812837209472, 8.033334015880062, 12.146641061760747]], "trend_features": [[0.0, 0.0, 0.0, 0.0, 0.0, 0.0, 0.0, 0.0, 8.964951211714654, 5.4638318050256105, 7.6760099320288875, 4.204692619390966, 0.0, 0.0], [0.0, 0.0, 8.032035314398824, 2.4849066497880004, 7.89989532313973, 3.091042453358316, 7.679251425953058, 2.995732273553991, 5.66988092298052, 3.258096538021482, 7.6708948313621175, 6.327936783729195, 9.427707270512938, 6.754604099487962], [8.903135633035538, 6.1779441140506, 7.359467638255621, 5.82600010738045, 4.143134726391533, 2.70805020110221, 3.6888794541139363, 1.3862943611198906, 4.143134726391533, 2.70805020110221, 0.0, 0.0, 8.905037290767, 6.056784013228625], [0.0, 0.0, 0.0, 0.0, 0.0, 0.0, 8.242756345714477, 2.302585092994046, 5.991464547107982, 0.0, 0.0, 0.0, 0.0, 0.0], [8.107418811719974, 7.96693349840484, 8.157943507105037, 6.489204931325317, 0.6931471805599453, 0.6931471805599453, 8.301769763117166, 2.1972245773362196, 0.0, 0.0, 0.0, 0.0, 0.0, 0.0], [0.0, 0.0, 7.475905969367397, 6.0844994130751715, 0.0, 0.0, 0.0, 0.0, 0.0, 0.0, 7.491087593534876, 6.042632833682381, 7.473069088032197, 4.31748811353631], [7.254177846456518, 6.095824562432225, 1.3862943611198906, 0.6931471805599453, 0.0, 0.0, 0.0, 0.0, 0.0, 0.0, 0.0, 0.0, 0.0, 0.0], [9.393827915410107, 6.326149473155099, 8.717354666338522, 6.2422232654551655, 0.0, 0.0, 0.0, 0.0, 0.0, 0.0, 0.0, 0.0, 0.0, 0.0], [0.0, 0.0, 8.051022208190679, 5.8664680569332965, 0.0, 0.0, 0.0, 0.0, 0.0, 0.0, 0.0, 0.0, 8.758883680017025, 6.208590026096629], [7.099201743553092, 3.7376696182833684, 8.371936178759098, 5.056245805348308, 0.0, 0.0, 7.888709524182015, 4.700480365792417, 4.204692619390966, 0.6931471805599453, 7.945201132412759, 4.919980925828125, 0.0, 0.0], [7.291656209174461, 7.873217054862741, 0.0, 0.0, 0.0, 0.0, 0.0, 0.0, 0.0, 0.0, 0.0, 0.0, 0.0, 0.0], [9.57227147806062, 8.868835492826895, 5.332718793265369, 1.9459101490553132, 0.0, 0.0, 0.0, 0.0, 8.74321260347591, 4.804021044733257, 9.056139690898883, 5.135798437050262, 3.091042453358316, 0.0], [0.0, 0.0, 6.539585955617669, 1.3862943611198906, 7.939515260662406, 3.8501476017100584, 0.0, 0.0, 4.532599493153256, 2.833213344056216, 4.897839799950911, 3.1354942159291497, 7.241366283322318, 4.90527477843843]], "trend_classifications": [0, 1, 0, 0, -1, 1, -1, -1, 0, 0, -1, -1, 1]}