{"avg_classifications": [14.769542832635354, 14.633682930786996, 0.0, 15.242492104518083, 13.718669206514718, 11.083172787230717, 14.010033211067416, 0.0, 0.0, 0.0, 12.88552903342368, 11.89996180160996, 0.0, 13.649602361974386, 15.716526742795908, 9.68744373833714, 0.0, 15.169046937420905, 0.0, 11.451411697981355, 14.409966599713778, 13.209835648166104, 14.118194044429249, 14.176058492184254, 13.256803357138544, 0.0, 0.0, 0.0, 12.81798536689609, 13.191473308706179, 0.0, 0.0, 16.39706792802453, 10.642754668709626], "features": [[0.0, 50.04888736509402, 0.0, 0.0, 0.0, 56.88541027518491, 63.9664211386959], [57.93382527232768, 15.045434717366359, 57.19502628964342, 17.893232366994514, 11.65107826618031, 57.86728535698163, 57.268827255042865], [59.43666649217424, 53.02625453037456, 12.032316954385516, 18.399099990791008, 39.027293385451244, 0.0, 0.0], [0.0, 60.006645089236706, 7.316655999225679, 0.0, 59.84913413136071, 30.95807914533896, 51.74234886055205], [0.0, 14.995500733985592, 12.017942188943957, 9.736517100456442, 11.747117426845085, 33.44860208579095, 52.863683395932114], [51.71849564477078, 12.745748610645837, 0.0, 0.0, 50.21316818099482, 23.6069230247504, 0.0], [19.39293305809443, 50.542190075507456, 3.705867745270216, 0.0, 57.4300354316754, 55.7457628734745, 0.0], [58.79355588371854, 15.240487821499233, 26.433201657060753, 15.437054248352828, 0.0, 0.0, 0.0], [0.0, 0.0, 0.0, 38.31159296984839, 0.0, 0.0, 0.0], [0.0, 0.0, 0.0, 0.0, 0.0, 0.0, 0.0], [0.0, 0.0, 18.592367067639287, 0.0, 0.0, 2.0409295767400217, 36.86161587820601], [49.53880701759102, 28.125803027289987, 0.0, 0.0, 4.152966758252767, 53.61634425827512, 43.64435498787638], [0.0, 0.0, 0.0, 0.0, 0.0, 0.0, 0.0], [0.0, 37.94955097520476, 45.64286428624179, 12.265560144099032, 0.0, 53.11286436330944, 51.89378093484539], [42.362382394245785, 43.61032171168392, 20.43715967322439, 0.0, 0.0, 43.02169150036412, 69.16816291318246], [48.29769582544845, 22.993269828806962, 21.205349938643927, 5.059296557734522, 0.0, 27.166028569445345, 0.0], [0.0, 0.0, 0.0, 33.68489250746143, 23.26756859191905, 0.0, 0.0], [0.0, 0.0, 0.0, 85.18348377272098, 0.0, 58.27029321053341, 58.2059658370328], [66.83342357761342, 14.335625613164067, 0.0, 0.0, 0.0, 0.0, 0.0], [30.728816294554516, 54.33795930261528, 3.7365972396798433, 0.0, 0.0, 0.0, 0.0], [0.0, 5.304444805345355, 36.59840542934591, 30.536554522691276, 31.270373226527933, 46.564743151783546, 0.0], [63.35241358332026, 18.906702250796634, 48.24662913142365, 13.69977150680533, 0.0, 0.0, 0.0], [0.0, 21.641173642917135, 48.34905367859024, 45.004590183148586, 0.0, 40.71942365140525, 44.14362176247907], [48.34905367859024, 45.004590183148586, 0.0, 40.71942365140525, 44.14362176247907, 36.109047476877315, 36.660427296403356], [61.015185932088386, 22.478251731476714, 47.66984636864219, 27.32935214038075, 0.0, 0.0, 0.0], [0.0, 0.0, 0.0, 42.42222087180317, 0.0, 0.0, 0.0], [52.863840826958764, 0.0, 0.0, 0.0, 0.0, 0.0, 0.0], [0.0, 0.0, 0.0, 0.0, 0.0, 0.0, 0.0], [55.15944172745773, 0.0, 0.0, 0.0, 0.0, 0.0, 0.0], [24.098299654936067, 49.660931088155955, 59.7061247757803, 0.0, 43.3085197778816, 56.270964796732535, 24.81250674618299], [46.35292526428616, 21.841600987687947, 0.0, 0.0, 0.0, 0.0, 0.0], [0.0, 0.0, 0.0, 0.0, 0.0, 0.0, 0.0], [0.0, 5.891501524072141, 68.62386872941431, 64.53617934959944, 84.62659424293832, 50.37493118343414, 80.64688217893577], [52.32967223705881, 61.87214696744423, 57.71563747952189, 20.569497891780486, 13.11525041625211, 29.39394137175167, 0.0]], "trend_classifications": [1, 0, -1, 1, 1, 0, 1, -1, 0, 0, 1, 0, -1, 1, 0, -1, 0, 1, -1, -1, 1, -1, 1, 0, -1, 0, -1, 0, 0, 0, -1, 0, 1, -1]}